PLAYER_NAME,TEAM_NAME,POINTS
Caitlin Clark,Iowa,1020
JuJu Watkins,USC,801
Hannah Hidalgo,Notre Dame,725
Lucy Olsen,Iowa,697
Ta'Niya Latson,Florida St.,680
Paige Bueckers,Connecticut,671
Rachael Rose,Wofford,670
Alissa Pili,Utah,666
Elizabeth Kitley,Virginia Tech,661
Dyaisha Fair,Syracuse,660
Chellia Watson,Buffalo,658
McKenna Hofschild,Colorado St.,654
Temira Poindexter,Kansas St.,644
Terren Ward,Mississippi St.,637
Edyn Battle,Jacksonville,632
Daisha Bradford,LA Monroe,619
Chloe Webb,California Baptist,617
Alexis Hutchison,Wright St.,615
Danae McNeal,East Carolina,611
Tess Heal,Stanford,608
Kaitlin Peterson,UCF,599
Liatu King,Notre Dame,598
Jada Guinn,Chattanooga,598
Delanie Crawford,Tulsa,598
Kiki Iriafen,USC,596
Domonique Davis,Southern Miss,594
Macy McGlone,Eastern Illinois,588
Faith Alston,Richmond,586
Kyla McMakin,Saint Louis,585
Raegan McCowan,Western Ill.,583
Mackenzie Holmes,Indiana,579
Yvonne Ejim,Gonzaga,579
Izzy Higginbottom,Arkansas,577
Georgia Amoore,Kentucky,575
Katelyn Young,Murray St.,571
Aaliyah Edwards,Connecticut,568
Katie Dinnebier,Drake,561
Anne Simon,Maine,560
Abbey Hsu,Columbia,556
Mickayla Perdue,Cleveland St.,551
Unique Drake,St. John's,549
Aliyah Matharu,Baylor,547
Lauren Gustin,BYU,545
Dazia Lawrence,Kentucky,545
Peyton Kennedy,Saint Louis,542
Kacie Borowicz,North Dakota,542
Kaitlyn Zarycki,W. Michigan,540
Jacy Sheldon,Ohio St.,539
Desi-Rae Young,UNLV,539
Laila Phelia,Texas,539
Leilani Correa,Florida,538
Angel Reese,LSU,536
Ahriahna Grizzle,Florida A&M,536
Audi Crooks,Iowa St.,535
Amari Robinson,Clemson,535
Colbi Maples,Cleveland St.,534
Liza Karlen,Notre Dame,534
Kurstyn Harden,S.F. Austin,534
Cameron Brink,Stanford,533
Sarah Ashlee Barker,Alabama,533
Grace Berg,Drake,527
Zanai Barnett-Gay,Navy,527
Savannah Wheeler,Middle Tenn. St.,524
Aneesah Morrow,LSU,524
Laniah Randle,Missouri,524
Milahnie Perry,Air Force,522
Honesty Scott-Grayson,Auburn,522
Anaya Peoples,DePaul,521
Deja Kelly,Oregon,519
Caitlin Weimar,N.C. State,519
Kenley McCarn,Tenn-Martin,517
Madison Booker,Texas,516
Tiara Young,SMU,515
Ashlyn Traylor-Walker,S.F. Austin,514
Esmeralda Morales,Montana St.,512
Jerkaila Jordan,Mississippi St.,511
Aziaha James,N.C. State,508
Jasmine Shavers,Texas Tech,508
Brooklyn Meyer,S. Dakota St.,507
Jordan Webster,Kansas,507
Adrianna Smith,Maine,506
Abby Beeman,Marshall,505
Maggie Doogan,Richmond,505
Javyn Nicholson,Georgia,505
Lauren Jensen,Creighton,504
Alexis Markowski,Nebraska,504
Jasmine Gayles,San Francisco,504
Jalyn Brown,Arizona St.,501
Tonie Morgan,Georgia Tech,500
Destiny Adams,Rutgers,500
DesiRay Kernal,North Texas,497
Grace Larkins,South Dakota,495
Emma Ronsiek,Colorado St.,495
Lauren Bevis,High Point,495
Taleyah Jones,Oral Roberts,494
Antwainette Walker,E. Kentucky,491
Sarah Te-Biasu,Maryland,491
Talya Brugler,St. Joseph's,490
Kierra Wheeler,Norfolk St.,489
Madison Griggs,Memphis,488
Carter McCray,Wisconsin,487
Madison Conner,TCU,485
Jakayla Johnson,LA Monroe,484
Taylor Donaldson,Fordham,483
Samora Watson,Central Conn. St.,481
Serah Williams,Wisconsin,480
Shyanne Sellers,Maryland,479
Raegan Beers,Oklahoma,478
Maaliya Owens,Tennessee Tech,478
Ayoka Lee,Kansas St.,477
Reagan Bass,Purdue,476
Mariona Planes Fortuny,Geo. Wash.,473
Nyah Wilson,Missouri,473
Ashley Hawkins,Gardner-Webb,472
Sophie Glancey,Northern Arizona,471
Peyton McDaniel,James Madison,471
Leah Earnest,Valparaiso,471
S'Mya Nichols,Kansas,471
Ja'Niah Henson,Texas St.,471
Olivia Pollerd,Santa Clara,470
Elle Evans,Kansas,470
Kayla Cooper,University at Albany,470
Sara Scalia,Indiana,469
Anaya Brown,Tenn-Martin,468
Kymora Johnson,Virginia,467
Tommisha Lampkin,North Texas,467
Lex Therien,Loyola Maryland,467
Bella Smuda,Liberty,466
Sisi Eleko,East. Michigan,465
Bailey Maupin,Texas Tech,465
Aaliyah Alexander,UNLV,465
Makayla Timpson,Florida St.,464
Grace VanSlooten,Michigan St.,464
Julia Ayrault,Michigan St.,463
Jane Asinde,UTEP,462
Romi Levy,South Florida,461
Cheyenne Stubbs,Utah St.,461
Halli Poock,Murray St.,460
Daylani Ballena,Southern Utah,455
Emilia Tenbrock,Coastal Car.,454
Heaven Hamling,N. Dak. St.,454
Amiah Simmons,San Jose St.,454
Meghan Andersen,Fairfield,453
Marquesha Davis,Mississippi,453
Ajae Petty,Ohio St.,453
Nya Robertson,SMU,453
Mia Moore,Clemson,452
Kara Dunn,Georgia Tech,452
Emma Utterback,Vermont,451
Caroline Strande,Butler,451
Teya Sidberry,Boston Coll.,450
Bronagh Power-Cassidy,Villanova,448
Abbey Ellis,Purdue,448
Aaliyah Nye,Alabama,448
Jayde Gamble,N.C. Greensboro,447
Charisma Osborne,UCLA,446
Gia Adams,UT Arlington,446
Gigi Gonzalez,Stony Brook,446
Samara Spencer,Tennessee,446
Rickea Jackson,Tennessee,446
Tessa Miller,Clemson,446
Jordan Jones,Denver,446
Maya McDermott,Northern Iowa,445
Ja'Mia Hollings,Troy,445
Tai'Sheka Porchia,Troy,445
Nylah Young,William & Mary,445
Brynna Maxwell,Gonzaga,445
Arin Freeman,Ill. Chicago,444
Kyla Jones,Northwestern,444
Payton Hull,Abilene Christian,444
O'Mariah Gordon,Florida St.,443
Skylar Vann,Oklahoma,443
Taliah Scott,Auburn,442
Moira Joiner,Michigan St.,442
Hayley Frank,Missouri,442
Anastasiia Boldyreva,Middle Tenn. St.,441
Makaila Cange,Coastal Car.,441
Grace Townsend,N. Carolina,440
Dayshanette Harris,Clemson,440
Alexis Whitfield,Oregon,439
Morgan Maly,Creighton,438
Jaz Shelley,Nebraska,437
Zaay Green,Alabama,437
Olivia Olsen,Providence,437
Breanna Campbell,Marshall,436
Aaronette Vonleh,Baylor,436
Faith Lee,AR Little Rock,435
Sophia Wiard,Toledo,433
Adryana Quezada,SDSU,433
DeAnna Wilson,Illinois St.,433
Alexis Callins,North Alabama,433
Iyana Moore,Vanderbilt,432
Mikaylah Williams,LSU,431
Taryn Barbot,Charleston,431
Raven Thompson,Clemson,430
Chance Gray,Ohio St.,430
Jordan Harrison,West Virginia,429
Sonia Smith,George Mason,427
Jessika Carter,Mississippi St.,427
Hannah Cooper,Oral Roberts,426
Veronica Charles,Morehead St.,425
Kelsey Ransom,Georgetown,425
Maddy Westbeld,Notre Dame,425
Molly Kaiser,N. Mex. St.,425
Dontavia Waggoner,Boston Coll.,425
Kailey Woolston,BYU,425
Harmoni Turner,Harvard,424
Amellia Bromenschenkel,PFW,424
Shaunae Brown,Arkansas St.,423
Kaitlyn Chen,Connecticut,422
Cotie McMahon,Ohio St.,422
Katie Shumate,Kent St.,422
Kyren Whittington,Tulane,422
Evanne Turner,UC Davis,421
Jenna Annecchiarico,Charleston,420
Tova Sabel,UC Davis,420
Deaja Richardson,Coastal Car.,420
Megan McConnell,Duquesne,419
Summah Hanson,UC Irvine,419
Aislynn Hayes,Marshall,419
Sam Galanopoulos,Loyola Chicago,418
Amy Velasco,Bowling Green,418
Stina Almqvist,Pennsylvania,418
Sanaa' St. Andre,Tennessee St.,418
Catherine Alben,Charleston Sou.,418
Alyssa Fisher,Loyola Chicago,417
Khari Clark,Stony Brook,416
Eleonora Villa,Washington St.,415
Natalie Pasco,Boise St.,414
Sh'Diamond McKnight,Miss. Valley St.,414
Vittoria Blasigh,South Florida,414
Kate Martin,Iowa,413
Kiki Jefferson,Louisville,413
Jewel Spear,Tennessee,412
Elise Williams,Wake Forest,411
Khamari Mitchell-Steen,Fla Gulf Coast,411
Laura Ziegler,St. Joseph's,410
Kennedy Johnson,St. Mary's,410
Aicha Coulibaly,Texas A&M,410
Alex Giannaros,Boston U.,410
Anna Miller,Drake,409
Taylor Henderson,N.C. Wilmington,409
Emma Hess,Liberty,409
Genesis Bryant,Illinois,408
McKinley Brooks-Sumpter,Charleston,408
Paige Meyer,S. Dakota St.,406
Shamarre Hale,Austin Peay,406
Bri McDaniel,Maryland,406
Patricia Anumgba,Towson,406
Makira Cook,Illinois,404
Phillipina Kyei,Oregon,404
Makayia Hallmon,Troy,404
Uju Ezeudu,Fla Gulf Coast,403
Jaylyn Sherrod,Colorado,402
Sara Bejedi,Florida St.,402
Frida Formann,Colorado,401
Bryanna Brady,Presbyterian,400
Jamie Loera,Eastern Wash.,399
Hannah Stuelke,Iowa,399
Jalei Oglesby,Oral Roberts,399
Deja Lee,UC Irvine,399
Mia Mancini,Bryant,399
Ally Becki,Ball St.,398
Lauren Betts,UCLA,398
Jordan Obi,Kentucky,398
Kacee Baumhower,Milwaukee,398
Ashley Austin,LIU Brooklyn,398
Mikyla Tolivert,Georgia St.,396
Jillian Hayes,Cincinnati,396
Prencis Harden,Kennesaw St.,396
Zaria Shazer,Marist,396
Ella Stemmer,Lehigh,396
Laila Lawrence,Coppin St.,395
Daniela Abies,Miami (FL),395
Allyson Fertig,Wyoming,394
Anna Foley,Quinnipiac,394
Morgan Sharps,Bowling Green,394
Bella Murekatete,Washington St.,393
Daryn Hickok,Weber St.,393
Delaynie Byrne,Northern Colorado,393
Lauren Hansen,Michigan,393
Kiki Rice,UCLA,392
McKenzie Forbes,USC,392
Natalie McNeal,Green Bay,391
Jessica Tomasetti,University at Albany,391
Rachel Ullstrom,Richmond,391
Denim DeShields,Mississippi St.,390
Carmen Gfeller,Montana,390
Addy Brown,Iowa St.,388
Jenna Clark,Yale,387
Jada Logan,Charleston,387
Anna Deets,Western Ill.,387
Addie Budnik,Richmond,386
Alyssa Ustby,N. Carolina,385
Quincy Noble,Oklahoma St.,385
Diamond Johnson,Norfolk St.,385
Janelle Brown,Fairfield,385
DeArica Pryor,New Orleans,385
Jordyn Dorsey,N.C. A&T,384
Anna Blount,UMBC,384
Madison St. Rose,Princeton,384
Coriah Beck,Alabama A&M,384
Kamilla Cardoso,South Carolina,383
Ava Uhrich,Southern Utah,383
Emma Smith,Denver,382
Makayla Daniels,Arkansas,382
Anna Gret Asi,Oklahoma St.,381
Ryann Payne,Prairie View A&M,381
N'Denasija Collins,Houston Christian,381
Emme Shearer,Portland,381
Aniyah Augmon,New Mexico,381
Shay Ciezki,Indiana,381
Mataya Gayle,Pennsylvania,381
Taliyah Clark,UT Arlington,381
Veronica Sheffey,SDSU,379
Taiyanna Jackson,Kansas,379
Melyia Grayson,Southern Miss,379
Derin Erdogan,Northeastern,376
Jada Session,Furman,376
Londynn Jones,UCLA,376
Georgia Woolley,Syracuse,375
Cecelia Collins,Columbia,374
Sacha Washington,Vanderbilt,374
Ta'Mia Scott,Middle Tenn. St.,374
Taylor Langan,Rider,374
Kayleigh Truong,Gonzaga,373
Jordyn Cambridge,Vanderbilt,373
Madison Scott,Mississippi,373
Emily Saunders,Youngstown St.,373
Alexis Andrews,Charlotte,373
Serena Sundell,Kansas St.,372
Ashley Sofilkanich,Bucknell,371
Jalynn Gregory,Middle Tenn. St.,371
Savannah Tucker,Long Beach St.,371
Kristin Williams,Coastal Car.,371
Miah Monahan,Eastern Illinois,370
Sonia Citron,Notre Dame,370
Micah Gray,Oklahoma St.,370
Kamy Peppler,Milwaukee,369
Shayeann Day-Wilson,LSU,368
Amaya Battle,Minnesota,368
Kendal Cheesman,Belmont,368
Lola Mullaney,Harvard,368
Irene Murua,Detroit,368
Emy Hayford,Fordham,368
Marta Galic,Tulane,368
Kaylynne Truong,Gonzaga,367
Mya Moore,Cleveland St.,367
Tiarra East,Temple,367
Avery Brittingham,UT Arlington,366
Sherese Pittman,Tulane,366
Hannah Simental,Colorado St.,366
Jordan Olivares,CSU Bakersfield,366
Belle Lanpher,Central Conn. St.,365
Jade Upshaw,Central Arkansas,365
Mariah Elohim,Fresno St.,364
Payton Verhulst,Oklahoma,363
Saniya Rivers,N.C. State,363
Zakiyah Franklin,Kansas,363
Sophie Phillips,Rhode Island,363
Aleah Nelson,Temple,362
Lauren Schwartz,Washington,362
Leia Beattie,Northern Arizona,362
Hailey Giaratano,SE Louisiana,361
Taylor Jones,Texas,361
Kynidi Mason Striverson,Evansville,361
Emani Jefferson,Fla Gulf Coast,361
Sofie Lowis,SIU Edwardsville,361
DeeDee Hagemann,Memphis,360
Matehya Bryant,UC Riverside,360
En'Dya Buford,Old Dominion,360
Shayla Sellers,PFW,360
Quinesha Lockett,Toledo,359
Madison Hayes,N.C. State,359
Madelyn Bischoff,Ball St.,359
Stefanie Kulesza,UMass,358
Madison Smith,Air Force,358
Anna Olson,Vermont,357
Kendall Bostic,Illinois,357
Alexis Mark,Portland,357
Grace Cave,Nebraska Omaha,356
Bella Earle,Abilene Christian,356
Dalayah Daniels,Washington,356
Christabel Ezumah,Alabama,355
MiLaysia Fulwiley,South Carolina,355
Kylie Kornegay-Lucas,Towson,354
Janiah Barker,UCLA,354
Madison Mathiowetz,S. Dakota St.,354
Maya Wong,Illinois St.,353
Natalia Ackerman,California,352
Leilani Kapinus,Vanderbilt,352
Brooklyn Gray,Saint Louis,352
Emma Von Essen,Hofstra,352
Kendall Holmes,Belmont,352
Holly Kersgieter,Kansas,352
Jillian Archer,St. John's,351
Grace Boffeli,Northern Iowa,351
Rusne Augustinaite,Georgia Tech,351
Kirsten Lewis-Williams,Buffalo,350
Annika Shah,Cal Poly,350
Alexis Mead,W. Kentucky,349
Teneisia Brown,FDU,349
Audrey Roden,Nevada,349
Destiny Brown,Alcorn St.,348
Lauryn Pendleton,Alabama A&M,348
Abby Antognoli,Lafayette,347
Amiya Joyner,East Carolina,347
Lacy Stokes,Missouri St.,346
Tuti Jones,Belmont,346
Timea Gardiner,UCLA,346
Blythe Pearson,Lipscomb,346
Jo Raflo,Mount St. Mary's,346
Amhyia Moreland,New Mexico,345
Ruthie Udoumoh,Oral Roberts,345
Crystal Henderson,Georgia St.,344
Ayanna Khalfani,N.C. Greensboro,344
Kade Hackerott,UT Rio Grande Valley,344
Esmery Martinez,Arizona,344
Ivy Wolf,Dayton,344
Sarah Andrews,Baylor,343
Jayden Marable,Coastal Car.,343
Brooke Stonebraker,Northern Illinois,343
Taylor Thierry,Ohio St.,343
Emily Rodabaugh,Northern Arizona,343
Hailey Van Lith,TCU,342
Morgan Callahan,N.C. Central,342
Benthe Versteeg,Sacramento St.,341
Maggie Hartwig,Evansville,341
Mya Kone,Florida Intl.,340
Dena Jarrells,Youngstown St.,340
Dominique Ennis,Rice,340
Ivy Turner,E. Kentucky,339
Kim Villalobos,SDSU,339
Mara Neira,Appalachian St.,339
Cordasia Harris,Alabama St.,338
Kyla Bryant,N.C. Central,338
Talia von Oelhoffen,USC,337
Yarden Garzon,Indiana,337
Amari Whiting,BYU,337
Tara Wallack,Washington St.,337
Chloe Wilson,Delaware,337
Erin Wilson,UTEP,336
Kennady McQueen,Utah,334
Maya Peat,Texas Tech,334
